bladerunner2049,musicboxhr
bladerunner2049,review
bladerunner2049,movie
musicboxhr,review
musicboxhr,movie
review,movie
thelastjedi,nfl
thelastjedi,shadowofwar
thelastjedi,marvel
thelastjedi,bladerunner2049
thelastjedi,mixcloud
nfl,shadowofwar
nfl,marvel
nfl,bladerunner2049
nfl,mixcloud
shadowofwar,marvel
shadowofwar,bladerunner2049
shadowofwar,mixcloud
marvel,bladerunner2049
marvel,mixcloud
bladerunner2049,mixcloud
bladerunner2049,stardustapp
movies,bladerunner2049
movies,teamfollowback
movies,rt
bladerunner2049,teamfollowback
bladerunner2049,rt
teamfollowback,rt
bladerunner2049,superb
bladerunner2049,filmhouse
superb,filmhouse
hollywood,ryangosling
hollywood,bladerunner2049
ryangosling,bladerunner2049
hollywood,ryangosling
hollywood,bladerunner2049
ryangosling,bladerunner2049
bladerunner2049,cinemaeyes
bladerunner2049,rtxlondon
bladerunner2049,moviereview
bladerunner2049,bladerunner
bladerunner2049,ryangosling
moviereview,bladerunner
moviereview,ryangosling
bladerunner,ryangosling
mountainbetweenus,bladerunner2049
mountainbetweenus,americanmade
mountainbetweenus,sunday
bladerunner2049,americanmade
bladerunner2049,sunday
americanmade,sunday
villeneuve,bladerunner2049
bladerunner2049,exmachina
bladerunner2049,superb
bladerunner2049,filmhouse
superb,filmhouse
bladerunner2049,bladerunner
bladerunner2049,harrisonford
bladerunner2049,ridleyscott
bladerunner2049,denisvilleneuve
bladerunner,harrisonford
bladerunner,ridleyscott
bladerunner,denisvilleneuve
harrisonford,ridleyscott
harrisonford,denisvilleneuve
ridleyscott,denisvilleneuve
bladerunner2049,sayitlikeitis
bladerunner2049,blade
hollywood,ryangosling
hollywood,bladerunner2049
ryangosling,bladerunner2049
bladerunner2049,ryangoslingwonteathiscereal
bladerunner2049,signinandsave
bladerunner2049,extras
signinandsave,extras
bladerunner2049,signinandsave
bladerunner2049,extras
signinandsave,extras
bladerunner2049,x27
bladerunner2049,soundcloud
x27,soundcloud
deckard,bladerunner2049
bladerunner2049,bitdisappointed
bladerunner2049,thematrix
vancouver2049,bladerunner2049
bladerunner2049,datenight
bladerunner2049,bladerunner
bladerunner2049,harrisonford
bladerunner,harrisonford
montreal2049,bladerunner2049
iwasmindblownwhen,bladerunner2049
bladerunner2049,genderroles
thesnowman,bladerunner2049
thesnowman,theritual
thesnowman,limitless
bladerunner2049,theritual
bladerunner2049,limitless
theritual,limitless
bibleprophecy,bladerunner2049
bladerunner2049,movies
bladerunner2049,movies
bladerunner2049,human
bladerunner2049,replicant
bladerunner2049,slave
bladerunner2049,freedom
bladerunner2049,humanrights
bladerunner2049,future
bladerunner2049,soul
bladerunner2049,life
human,replicant
human,slave
human,freedom
human,humanrights
human,future
human,soul
human,life
replicant,slave
replicant,freedom
replicant,humanrights
replicant,future
replicant,soul
replicant,life
slave,freedom
slave,humanrights
slave,future
slave,soul
slave,life
freedom,humanrights
freedom,future
freedom,soul
freedom,life
humanrights,future
humanrights,soul
humanrights,life
future,soul
future,life
soul,life
tgif,the602club
tgif,bladerunner
tgif,bladerunner2049
the602club,bladerunner
the602club,bladerunner2049
bladerunner,bladerunner2049
bladerunner2049,denisevilleneuve
bladerunner2049,imax
prisoners,sicario
prisoners,bladerunner2049
sicario,bladerunner2049
friday13,goodreads
friday13,judgejeanine
friday13,judgejudy
friday13,judgementday
friday13,scifi
friday13,bladerunner2049
friday13,review
friday13,tmz
goodreads,judgejeanine
goodreads,judgejudy
goodreads,judgementday
goodreads,scifi
goodreads,bladerunner2049
goodreads,review
goodreads,tmz
judgejeanine,judgejudy
judgejeanine,judgementday
judgejeanine,scifi
judgejeanine,bladerunner2049
judgejeanine,review
judgejeanine,tmz
judgejudy,judgementday
judgejudy,scifi
judgejudy,bladerunner2049
judgejudy,review
judgejudy,tmz
judgementday,scifi
judgementday,bladerunner2049
judgementday,review
judgementday,tmz
scifi,bladerunner2049
scifi,review
scifi,tmz
bladerunner2049,review
bladerunner2049,tmz
review,tmz
kimsanlove,bladerunner2049
bladerunner2049,doandroidsdreamofcarvedhorses
bladerunner2049,human
bladerunner2049,trakt
vancouver2049,bladerunner2049
boxoffice,bladerunner2049
boxoffice,happydeathday
bladerunner2049,happydeathday
bladerunner2049,epic
bladerunner2049,thelimehousegolem
bladerunner2049,lovingvincent
thelimehousegolem,lovingvincent
bladerunner2049,imax
theforceawakens,bladerunner2049
theforceawakens,harrisonford
bladerunner2049,harrisonford
bladerunner2049,epic
bladerunner2049,beautiful
epic,beautiful
bladerunner,bladerunner2049
bladerunner2049,cuphead
bladerunner2049,mariorabbidskingdombattle
cuphead,mariorabbidskingdombattle
nowwatching,bladerunner2049
bladerunner,bladerunner2049
unpopularopinion,bladerunner
unpopularopinion,bladerunner2049
bladerunner,bladerunner2049
mrms,it
mrms,bladerunner2049
mrms,ugr
it,bladerunner2049
it,ugr
bladerunner2049,ugr
nowlistening,harrisonford
nowlistening,bladerunner2049
nowlistening,podcasttime
harrisonford,bladerunner2049
harrisonford,podcasttime
bladerunner2049,podcasttime
bladerunner2049,practicalfx
bladerunner2049,filmmaking
bladerunner2049,moviemagic
bladerunner2049,kcw
bladerunner2049,kcws
practicalfx,filmmaking
practicalfx,moviemagic
practicalfx,kcw
practicalfx,kcws
filmmaking,moviemagic
filmmaking,kcw
filmmaking,kcws
moviemagic,kcw
moviemagic,kcws
kcw,kcws
bladerunner2049,thepuntsters
nycc,pacificrimuprising
nycc,lastjedi
nycc,bladerunner2049
nycc,arrowverse
nycc,gotham
pacificrimuprising,lastjedi
pacificrimuprising,bladerunner2049
pacificrimuprising,arrowverse
pacificrimuprising,gotham
lastjedi,bladerunner2049
lastjedi,arrowverse
lastjedi,gotham
bladerunner2049,arrowverse
bladerunner2049,gotham
arrowverse,gotham
bladerunner2049,sobit
bladerunner2049,happydeathday
sobit,happydeathday
bladerunner2049,bladerunnerrevolution
bladerunner2049,ryangosling
bladerunner2049,bladerunnerrevolution
bladerunner2049,riseofthereplicants
bladerunnerrevolution,riseofthereplicants
campbellriver,bibleprophecy
campbellriver,bladerunner2049
bibleprophecy,bladerunner2049
bladerunner2049,movies
bladerunner2049,longaf
movies,longaf
relatable,bladerunner2049
human,bladerunner2049
human,contest
bladerunner2049,contest
valsdarkroom,fineartphotography
valsdarkroom,bladerunner2049
fineartphotography,bladerunner2049
bladerunner,bladerunner2049
bladerunner2049,adams
iwasmindblownwhen,bladerunner2049
bladerunner2049,bladerunner
bladerunner2049,babydriver
bladerunner,bladerunner2049
bladerunner,film
bladerunner,movie
bladerunner,cinemaarcadia
bladerunner,salaenergia
bladerunner,dolbyatoms
bladerunner,dennisvilleneuve
bladerunner2049,film
bladerunner2049,movie
bladerunner2049,cinemaarcadia
bladerunner2049,salaenergia
bladerunner2049,dolbyatoms
bladerunner2049,dennisvilleneuve
film,movie
film,cinemaarcadia
film,salaenergia
film,dolbyatoms
film,dennisvilleneuve
movie,cinemaarcadia
movie,salaenergia
movie,dolbyatoms
movie,dennisvilleneuve
cinemaarcadia,salaenergia
cinemaarcadia,dolbyatoms
cinemaarcadia,dennisvilleneuve
salaenergia,dolbyatoms
salaenergia,dennisvilleneuve
dolbyatoms,dennisvilleneuve
48,lastjedi
48,bladerunner2049
48,spoileralert
48,podernfamily
lastjedi,bladerunner2049
lastjedi,spoileralert
lastjedi,podernfamily
bladerunner2049,spoileralert
bladerunner2049,podernfamily
spoileralert,podernfamily
bladerunner2049,geeksoftheroundtable
bladerunner2049,podernfamily
bladerunner2049,bladerunner
podernfamily,bladerunner
inktober,bladerunner2049
inktober,inktober2017
bladerunner2049,inktober2017
futuro2049,bladerunner2049
brothers,geek
brothers,podcast
brothers,brothersgeekpodcast
brothers,bladerunner2049
brothers,thelastjedi
geek,podcast
geek,brothersgeekpodcast
geek,bladerunner2049
geek,thelastjedi
podcast,brothersgeekpodcast
podcast,bladerunner2049
podcast,thelastjedi
brothersgeekpodcast,bladerunner2049
brothersgeekpodcast,thelastjedi
bladerunner2049,thelastjedi
bladerunner2049,soundtrack
wallace,funkopop
wallace,bladerunner2049
wallace,nyc
wallace,echelon
funkopop,bladerunner2049
funkopop,nyc
funkopop,echelon
bladerunner2049,nyc
bladerunner2049,echelon
nyc,echelon
sylviahoeks,bladerunner2049
podcast,bladerunner2049
podcast,scifi
podcast,film
bladerunner2049,scifi
bladerunner2049,film
scifi,film
